id,queue_type,sequence_id,sqs_message_id,sent_timestamp,received_timestamp,latency_ms,created_at,updated_at
1,fifo,1,6113b636-e04c-4c3f-9f0a-2ca7386c8dc1,1780594589.7067,1780594593.0588,3352.1909713745,2026-06-04 17:36:33,2026-06-04 17:36:33
2,fifo,2,60e9d3c1-2974-4803-86e5-f0eaad4e279b,1780594590.7066,1780594593.4126,2706.0508728027,2026-06-04 17:36:33,2026-06-04 17:36:33
3,fifo,3,b5e836b7-6d53-4b82-989e-acd8b3be2bc3,1780594590.904,1780594593.7763,2872.2629547119,2026-06-04 17:36:33,2026-06-04 17:36:33
4,fifo,4,a18829de-deda-4363-bec1-76fb6edf801b,1780594591.1081,1780594594.187,3078.8471698761,2026-06-04 17:36:34,2026-06-04 17:36:34
5,fifo,5,c2aa533a-738f-479f-bd26-9477c4a5926f,1780594591.3135,1780594594.5001,3186.537027359,2026-06-04 17:36:34,2026-06-04 17:36:34
6,fifo,6,21c7b183-f602-4196-ab95-c420798266da,1780594591.4587,1780594594.813,3354.2799949646,2026-06-04 17:36:34,2026-06-04 17:36:34
7,fifo,7,4980fd59-f1ee-4252-9489-0d61563f1f6a,1780594591.6207,1780594595.1259,3505.1319599152,2026-06-04 17:36:35,2026-06-04 17:36:35
8,fifo,8,05e410d8-37f7-4239-9cfa-561f57aff4f6,1780594591.7656,1780594595.4532,3687.6192092896,2026-06-04 17:36:35,2026-06-04 17:36:35
9,fifo,9,b548f19b-5820-4c37-96b2-67eb79a8017b,1780594591.914,1780594595.824,3910.02202034,2026-06-04 17:36:35,2026-06-04 17:36:35
10,fifo,10,886cf32b-8cf6-4ecb-bfe9-e7ce43ffd4f4,1780594592.133,1780594596.2343,4101.2840270996,2026-06-04 17:36:36,2026-06-04 17:36:36
11,fifo,11,653a3c22-1e48-4766-8fc6-e057f1e3fd8a,1780594592.281,1780594596.5592,4278.1999111176,2026-06-04 17:36:36,2026-06-04 17:36:36
12,fifo,12,44450449-5c13-4f89-a911-2124abc0ae55,1780594592.427,1780594596.881,4454.0379047394,2026-06-04 17:36:36,2026-06-04 17:36:36
13,fifo,13,9f80062d-f4d3-4f2d-a2b4-1fcdbfca39df,1780594592.6448,1780594597.2084,4563.560962677,2026-06-04 17:36:37,2026-06-04 17:36:37
14,fifo,14,bfedbc81-8c06-45c3-99db-11ed72cd899d,1780594592.8208,1780594597.6663,4845.5059528351,2026-06-04 17:36:37,2026-06-04 17:36:37
15,fifo,15,09ee8fa0-b2a3-4f6d-b367-664b708a3941,1780594593.0553,1780594598.0752,5019.898891449,2026-06-04 17:36:38,2026-06-04 17:36:38
16,fifo,16,30fc607c-e8e9-48e3-a89f-7228e1ad06c8,1780594593.2589,1780594598.4854,5226.5379428864,2026-06-04 17:36:38,2026-06-04 17:36:38
17,fifo,17,071e3499-4caf-4ada-ab17-a50f062bb70b,1780594593.408,1780594598.8169,5408.9291095734,2026-06-04 17:36:38,2026-06-04 17:36:38
18,fifo,18,c1e21506-6982-41a1-ab64-8eb7779fe47d,1780594593.5551,1780594599.6321,6077.0001411438,2026-06-04 17:36:39,2026-06-04 17:36:39
19,fifo,19,0032747c-480b-48a8-be7d-97f3556e3471,1780594593.7721,1780594600.0203,6248.2120990753,2026-06-04 17:36:40,2026-06-04 17:36:40
20,fifo,20,328114b0-2da5-4640-95a3-ad72d4fe74ae,1780594593.9764,1780594600.4316,6455.2290439606,2026-06-04 17:36:40,2026-06-04 17:36:40
21,fifo,21,976d452d-20e1-4a16-89f1-9e4150511e37,1780594594.1827,1780594600.751,6568.3040618896,2026-06-04 17:36:40,2026-06-04 17:36:40
22,fifo,22,d3d6a1fe-c545-4142-89f0-4bb5f0289075,1780594594.3307,1780594601.0743,6743.6668872833,2026-06-04 17:36:41,2026-06-04 17:36:41
23,fifo,23,76bd04ad-afa8-4c11-a2d7-3b12c47d6907,1780594594.4788,1780594601.5582,7079.4160366058,2026-06-04 17:36:41,2026-06-04 17:36:41
24,fifo,24,4314f423-40af-430d-b5fd-6fcb331cdd26,1780594594.6265,1780594601.8743,7247.7920055389,2026-06-04 17:36:41,2026-06-04 17:36:41
25,fifo,25,353ec6f7-f7a2-4ce3-b006-5917d2d366c7,1780594594.7722,1780594602.1917,7419.5640087128,2026-06-04 17:36:42,2026-06-04 17:36:42
26,fifo,26,c3d1ef84-2339-4b6f-9292-8ee17b1593ba,1780594594.9176,1780594602.515,7597.3980426788,2026-06-04 17:36:42,2026-06-04 17:36:42
27,fifo,27,f685626c-a7a0-4534-94b1-c0817fee0f29,1780594595.0634,1780594602.8357,7772.243976593,2026-06-04 17:36:42,2026-06-04 17:36:42
28,fifo,28,926178bd-fcb9-4d3b-8a76-388c2ed3047e,1780594595.2079,1780594603.2989,8090.9929275513,2026-06-04 17:36:43,2026-06-04 17:36:43
29,fifo,29,e13b1c0c-626a-4223-b347-46a2c49e5a83,1780594595.3562,1780594603.6319,8275.6018638611,2026-06-04 17:36:43,2026-06-04 17:36:43
30,fifo,30,0c05b6c2-8b0e-4699-aef1-f3ee256ae5bb,1780594595.5028,1780594603.9499,8447.1750259399,2026-06-04 17:36:43,2026-06-04 17:36:43
31,fifo,31,465164ce-f895-4f29-824f-0f2ecf821c29,1780594595.6529,1780594604.27,8617.0651912689,2026-06-04 17:36:44,2026-06-04 17:36:44
32,fifo,32,289f9c93-1aff-4a55-b454-e5b33a709354,1780594595.8194,1780594604.7297,8910.3808403015,2026-06-04 17:36:44,2026-06-04 17:36:44
33,fifo,33,75a79b06-29a4-40df-a364-a5dda1967d60,1780594596.0244,1780594605.1421,9117.6619529724,2026-06-04 17:36:45,2026-06-04 17:36:45
34,fifo,34,7b61d112-09db-467a-93f7-ccdc65544379,1780594596.2295,1780594605.4921,9262.5548839569,2026-06-04 17:36:45,2026-06-04 17:36:45
35,fifo,35,de804483-5950-4ed7-b63d-16ed92b519d1,1780594596.376,1780594605.8569,9480.9529781342,2026-06-04 17:36:45,2026-06-04 17:36:45
36,fifo,36,3bfb2e7c-f27f-4755-a6ba-1f8a06df3a4a,1780594596.5251,1780594606.1718,9646.7490196228,2026-06-04 17:36:46,2026-06-04 17:36:46
37,fifo,37,8bea22c8-b735-49e9-b975-07b2d1d886dc,1780594596.6744,1780594606.5019,9827.5079727173,2026-06-04 17:36:46,2026-06-04 17:36:46
38,fifo,38,c22302f7-ccc3-45ac-88a1-8318132ea43d,1780594596.8211,1780594606.8213,10000.207185745,2026-06-04 17:36:46,2026-06-04 17:36:46
39,fifo,39,1849c670-da46-479a-ac6a-779e4cc22813,1780594596.9666,1780594607.291,10324.379920959,2026-06-04 17:36:47,2026-06-04 17:36:47
40,fifo,40,cd6ed680-7db9-40c7-8ff1-4381d8301594,1780594597.1103,1780594607.7017,10591.418027878,2026-06-04 17:36:47,2026-06-04 17:36:47
41,fifo,41,69bb344a-48fe-47fb-8698-60019da35f73,1780594597.2559,1780594608.112,10856.07790947,2026-06-04 17:36:48,2026-06-04 17:36:48
42,fifo,42,06794d09-7d46-48e5-ade9-1970692dc767,1780594597.4593,1780594608.4294,10970.164060593,2026-06-04 17:36:48,2026-06-04 17:36:48
43,fifo,43,f66a04e3-8955-41e4-90a7-8a47a8f7493d,1780594597.6639,1780594608.7564,11092.512130737,2026-06-04 17:36:48,2026-06-04 17:36:48
44,fifo,44,b182e6a0-1842-4283-9e78-f972c3a2ac67,1780594597.8711,1780594609.1354,11264.352083206,2026-06-04 17:36:49,2026-06-04 17:36:49
45,fifo,45,37c0d68a-e0c6-4fb0-90c7-ca2dc5a734da,1780594598.0719,1780594609.5447,11472.787857056,2026-06-04 17:36:49,2026-06-04 17:36:49
46,fifo,46,ba55eac6-89a1-4218-a01e-6bece9d6bb2a,1780594598.2771,1780594609.9546,11677.530050278,2026-06-04 17:36:49,2026-06-04 17:36:49
47,fifo,47,18579144-13fe-40e9-8d68-b2b1202ddb41,1780594598.4824,1780594610.3622,11879.767894745,2026-06-04 17:36:50,2026-06-04 17:36:50
48,fifo,48,2ad66ee4-122c-4618-b9e2-f676c3ef936c,1780594598.6269,1780594610.7735,12146.627902985,2026-06-04 17:36:50,2026-06-04 17:36:50
49,fifo,49,f753275e-d443-486c-8e53-651ac6e8ac5b,1780594598.7808,1780594611.1825,12401.724100113,2026-06-04 17:36:51,2026-06-04 17:36:51
50,fifo,50,1b27ae50-0198-4998-b883-37e2906ec6cb,1780594598.929,1780594611.5938,12664.798974991,2026-06-04 17:36:51,2026-06-04 17:36:51
51,fifo,51,5c487f4a-0a40-459f-9324-49a032467d7b,1780594599.0805,1780594611.9193,12838.773012161,2026-06-04 17:36:51,2026-06-04 17:36:51
52,fifo,52,30672589-131b-457c-bdca-0238ecac466e,1780594599.2321,1780594612.2223,12990.28301239,2026-06-04 17:36:52,2026-06-04 17:36:52
53,fifo,53,8e4006a3-de0b-4161-9b1d-fee071c2f72c,1780594599.3818,1780594612.6168,13234.957933426,2026-06-04 17:36:52,2026-06-04 17:36:52
54,fifo,54,45d9ddbe-0820-42c9-ae82-f0d6897d94ab,1780594599.5327,1780594613.026,13493.29996109,2026-06-04 17:36:53,2026-06-04 17:36:53
55,fifo,55,ea8e1576-8e46-45c2-ac50-a8a3ab8826c5,1780594599.6779,1780594613.4357,13757.798910141,2026-06-04 17:36:53,2026-06-04 17:36:53
56,fifo,56,5753f623-86d3-4465-a87d-a90e1b940328,1780594599.8239,1780594613.8442,14020.294904709,2026-06-04 17:36:53,2026-06-04 17:36:53
57,fifo,57,a4b2c2dd-9f6d-4143-9d30-5a8d02c0d7e3,1780594600.0177,1780594614.2555,14237.792015076,2026-06-04 17:36:54,2026-06-04 17:36:54
58,fifo,58,0b63df72-7653-4b67-aad8-cc5e0bbb47ae,1780594600.2234,1780594615.0882,14864.852905273,2026-06-04 17:36:55,2026-06-04 17:36:55
59,fifo,59,6f934766-1fc9-43b7-8f99-d1b79b3ad676,1780594600.4291,1780594615.4828,15053.675889969,2026-06-04 17:36:55,2026-06-04 17:36:55
60,fifo,60,77457797-2fbb-4b3c-8fd8-e809361e5d00,1780594600.676,1780594615.8943,15218.2970047,2026-06-04 17:36:55,2026-06-04 17:36:55
61,fifo,61,afacb9b7-9733-4412-94e2-2ec09918efa7,1780594600.8369,1780594616.3034,15466.54009819,2026-06-04 17:36:56,2026-06-04 17:36:56
62,fifo,62,50444e0c-d719-4b76-b0c4-72f16ef762e8,1780594600.9894,1780594616.7114,15721.992015839,2026-06-04 17:36:56,2026-06-04 17:36:56
63,fifo,63,e1725492-2631-4c5a-96df-0d9b8f7e3586,1780594601.1396,1780594617.1346,15995.010852814,2026-06-04 17:36:57,2026-06-04 17:36:57
64,fifo,64,5f0d58a6-6a41-4a6d-b605-4e969874a53d,1780594601.349,1780594617.5327,16183.706998825,2026-06-04 17:36:57,2026-06-04 17:36:57
65,fifo,65,6d1515b9-2136-4ae5-bdc4-997c22e06e8c,1780594601.5544,1780594617.8597,16305.346012115,2026-06-04 17:36:57,2026-06-04 17:36:57
66,fifo,66,7d61a984-3ef7-4401-b0e5-a64697265fc4,1780594601.7008,1780594618.2488,16547.972202301,2026-06-04 17:36:58,2026-06-04 17:36:58
67,fifo,67,373af3a3-3527-485c-a042-f4ec9bcdf321,1780594601.845,1780594618.6599,16814.879894257,2026-06-04 17:36:58,2026-06-04 17:36:58
68,fifo,68,c38af3d7-d493-469a-8839-0934f597054f,1780594601.993,1780594619.0209,17027.904033661,2026-06-04 17:36:59,2026-06-04 17:36:59
69,fifo,69,dd1a7e6f-3bec-4d8a-8996-a1248670d985,1780594602.1389,1780594619.4764,17337.4979496,2026-06-04 17:36:59,2026-06-04 17:36:59
70,fifo,70,895d0aa4-c8a1-462d-a39a-616656f1a21a,1780594602.2871,1780594619.8875,17600.385904312,2026-06-04 17:36:59,2026-06-04 17:36:59
71,fifo,71,f9d682f8-27d6-4d62-a725-ebfff6765cf5,1780594602.4371,1780594620.2948,17857.666015625,2026-06-04 17:37:00,2026-06-04 17:37:00
72,fifo,72,7c58cda3-e93f-4d88-b039-6e4857f17a1d,1780594602.5836,1780594620.6953,18111.683130264,2026-06-04 17:37:00,2026-06-04 17:37:00
73,fifo,73,43d89964-6e23-4ceb-bec3-2cc7de14501a,1780594602.73,1780594621.0726,18342.594146729,2026-06-04 17:37:01,2026-06-04 17:37:01
74,fifo,74,adcd4214-3c2b-4bab-9988-8447fca5b3c1,1780594602.8769,1780594621.423,18546.053886414,2026-06-04 17:37:01,2026-06-04 17:37:01
75,fifo,75,e26bd9ba-4698-4cb7-8906-0ac944b0d44b,1780594603.0903,1780594621.8328,18742.579936981,2026-06-04 17:37:01,2026-06-04 17:37:01
76,fifo,76,66a85005-dcc5-428d-950a-c447ec66ce6f,1780594603.2954,1780594622.2426,18947.136163712,2026-06-04 17:37:02,2026-06-04 17:37:02
77,fifo,77,c4e18ab0-2a41-40bd-9544-243dc289890f,1780594603.4431,1780594622.6508,19207.748174667,2026-06-04 17:37:02,2026-06-04 17:37:02
78,fifo,78,6aa4eabf-dee7-46b7-875c-eb03caeaba4b,1780594603.5874,1780594623.0076,19420.222043991,2026-06-04 17:37:03,2026-06-04 17:37:03
79,fifo,79,3a2646b7-6732-41fa-914f-e37508fcf18f,1780594603.733,1780594623.4706,19737.651109695,2026-06-04 17:37:03,2026-06-04 17:37:03
80,fifo,80,51bb3302-87c2-40a7-a215-46e23efd0895,1780594603.8785,1780594623.8802,20001.644134521,2026-06-04 17:37:03,2026-06-04 17:37:03
81,fifo,81,34eefb92-c48c-4ee5-910c-64597c56f99f,1780594604.0261,1780594624.2331,20207.004070282,2026-06-04 17:37:04,2026-06-04 17:37:04
82,fifo,82,32627bc2-1a52-4925-b49e-e285831eebea,1780594604.728,1780594624.5975,19869.479894638,2026-06-04 17:37:04,2026-06-04 17:37:04
83,fifo,83,c1590cea-8d1e-4f14-9019-2cf8563b7b30,1780594604.9336,1780594625.0072,20073.517084122,2026-06-04 17:37:05,2026-06-04 17:37:05
84,fifo,84,88f42bad-b64c-4e0c-bfa5-c20a07adf2d2,1780594605.1379,1780594625.417,20279.182910919,2026-06-04 17:37:05,2026-06-04 17:37:05
85,fifo,85,6d8ab922-75b4-46db-bff2-ced022e52b7f,1780594605.3436,1780594625.827,20483.391046524,2026-06-04 17:37:05,2026-06-04 17:37:05
86,fifo,86,efc93a8d-e76e-4899-8c6c-0dd64cb6f321,1780594605.4905,1780594626.2357,20745.207071304,2026-06-04 17:37:06,2026-06-04 17:37:06
87,fifo,87,14ca4013-cf40-4ad4-8581-f5419dd10133,1780594605.6533,1780594626.6459,20992.603063583,2026-06-04 17:37:06,2026-06-04 17:37:06
88,fifo,88,7b6778eb-4994-4964-96f6-2b819cb7533d,1780594605.804,1780594627.0554,21251.4128685,2026-06-04 17:37:07,2026-06-04 17:37:07
89,fifo,89,a06d0c7a-ac7b-4a86-a53e-9fd85b9deefa,1780594605.9507,1780594627.3775,21426.772117615,2026-06-04 17:37:07,2026-06-04 17:37:07
90,fifo,90,aaebd497-5046-4a37-a063-a7314394035b,1780594606.1016,1780594627.7743,21672.710895538,2026-06-04 17:37:07,2026-06-04 17:37:07
91,fifo,91,99459df1-91ff-42c1-8ded-d3f8da2b5cc4,1780594606.2522,1780594628.1815,21929.220914841,2026-06-04 17:37:08,2026-06-04 17:37:08
92,fifo,92,780e03e0-6bb3-4ae8-b328-091ede4d3538,1780594606.399,1780594628.5398,22140.718221664,2026-06-04 17:37:08,2026-06-04 17:37:08
93,fifo,93,4bcd8c2f-dc99-40ce-9ce4-00de7db66fab,1780594606.5463,1780594628.8527,22306.385040283,2026-06-04 17:37:08,2026-06-04 17:37:08
94,fifo,94,85bfe017-f8c4-4119-9131-746252bc4e63,1780594606.6959,1780594629.2073,22511.406898499,2026-06-04 17:37:09,2026-06-04 17:37:09
95,fifo,95,c389797d-5de2-4fa5-b414-2dab3da158c6,1780594606.8427,1780594629.6136,22770.936965942,2026-06-04 17:37:09,2026-06-04 17:37:09
96,fifo,96,0e296b98-cc8a-46e4-863a-2b3dc188d679,1780594607.0832,1780594629.9686,22885.385990143,2026-06-04 17:37:09,2026-06-04 17:37:09
97,fifo,97,55c44850-31b2-41f6-bfeb-6897aed0d43d,1780594607.288,1780594630.4346,23146.598815918,2026-06-04 17:37:10,2026-06-04 17:37:10
98,fifo,98,70e7b497-6b2c-44be-a935-17cc4ff63735,1780594607.4939,1780594631.3102,23816.271066666,2026-06-04 17:37:11,2026-06-04 17:37:11
99,fifo,99,2746c37f-ed1f-4792-9a09-91c6256a0b57,1780594607.6977,1780594631.6629,23965.19112587,2026-06-04 17:37:11,2026-06-04 17:37:11
100,fifo,100,8cee7298-b4fb-4790-aed2-f273b7245092,1780594607.9029,1780594632.0724,24169.432163239,2026-06-04 17:37:12,2026-06-04 17:37:12
101,standard,1,13c8905d-97cf-4d06-b9ea-69271fd57554,1780594709.4661,1780594714.1221,4655.9979915619,2026-06-04 17:38:34,2026-06-04 17:38:34
102,standard,6,097d83f6-12f4-4f51-90c3-f1ce073e5a47,1780594711.1241,1780594714.6114,3487.3218536377,2026-06-04 17:38:34,2026-06-04 17:38:34
103,standard,16,76062e41-925c-4746-bedb-89b6496b848c,1780594713.1731,1780594715.0204,1847.2571372986,2026-06-04 17:38:35,2026-06-04 17:38:35
104,standard,2,a95d3472-4045-4d76-b834-453d69ac5a82,1780594710.4228,1780594715.4371,5014.2579078674,2026-06-04 17:38:35,2026-06-04 17:38:35
105,standard,12,e634cf0e-2379-4b08-bef3-da5238213a02,1780594712.3534,1780594715.7879,3434.4818592072,2026-06-04 17:38:35,2026-06-04 17:38:35
106,standard,18,38ba8a7e-45f8-4a07-bb2c-d9b54b03461c,1780594713.5224,1780594716.0995,2577.1291255951,2026-06-04 17:38:36,2026-06-04 17:38:36
107,standard,8,60c087a9-9eca-4433-a030-500bf6267bf7,1780594711.5355,1780594716.4067,4871.1800575256,2026-06-04 17:38:36,2026-06-04 17:38:36
108,standard,24,f8c009a1-c5a2-41fd-ac7a-2b53a1a01c6b,1780594714.6074,1780594716.8642,2256.767988205,2026-06-04 17:38:36,2026-06-04 17:38:36
109,standard,9,c59902a9-5ee3-4799-92db-f221bb17a7fc,1780594711.739,1780594717.2137,5474.7159481049,2026-06-04 17:38:37,2026-06-04 17:38:37
110,standard,7,cac527de-b548-4d7e-8330-ec45d61ec06e,1780594711.329,1780594717.5814,6252.3770332336,2026-06-04 17:38:37,2026-06-04 17:38:37
111,standard,20,bdf8e601-44fb-49de-a77c-f6f16fd5a022,1780594713.8903,1780594717.902,4011.7521286011,2026-06-04 17:38:37,2026-06-04 17:38:37
112,standard,3,29f62eb9-73ba-4679-ac6e-a925f5098170,1780594710.6129,1780594718.2066,7593.682050705,2026-06-04 17:38:38,2026-06-04 17:38:38
113,standard,13,7a837632-c586-4ab3-a5fb-d3aeb8f702e1,1780594712.5315,1780594718.5452,6013.6389732361,2026-06-04 17:38:38,2026-06-04 17:38:38
114,standard,5,4b627ce7-6819-4dd3-8338-d4fadd86a9d9,1780594710.9222,1780594718.8512,7928.9560317993,2026-06-04 17:38:38,2026-06-04 17:38:38
115,standard,22,8a193ed5-0c38-45da-a003-a8ef473d5b1b,1780594714.1802,1780594719.1814,5001.2321472168,2026-06-04 17:38:39,2026-06-04 17:38:39
116,standard,17,d4cc0422-62f5-4296-acba-c8ac73a915ef,1780594713.3774,1780594719.4956,6118.1869506836,2026-06-04 17:38:39,2026-06-04 17:38:39
117,standard,11,3b45679e-8145-43c8-ac07-f5ec89c62c3a,1780594712.1494,1780594719.8007,7651.291847229,2026-06-04 17:38:39,2026-06-04 17:38:39
118,standard,23,3b69a797-1cc8-460e-87a0-1567aa448f35,1780594714.4028,1780594720.0936,5690.8781528473,2026-06-04 17:38:40,2026-06-04 17:38:40
119,standard,26,4fdff8b6-bb84-46a6-94ee-dc5e02c4aaea,1780594715.0168,1780594720.4484,5431.5500259399,2026-06-04 17:38:40,2026-06-04 17:38:40
120,standard,25,e3c86a36-3327-4ad7-9bae-1c3eee25129c,1780594714.8113,1780594720.8587,6047.3911762238,2026-06-04 17:38:40,2026-06-04 17:38:40
121,standard,4,0072855d-a716-4352-982f-02b4a8052b4b,1780594710.7767,1780594721.6745,10897.794008255,2026-06-04 17:38:41,2026-06-04 17:38:41
122,standard,29,35415972-a1b1-4542-b195-ebfb0155974e,1780594715.5753,1780594722.0847,6509.4289779663,2026-06-04 17:38:42,2026-06-04 17:38:42
123,standard,28,3dd4bbec-52bc-4664-96ab-9ab4c19ca972,1780594715.4285,1780594722.4946,7066.0970211029,2026-06-04 17:38:42,2026-06-04 17:38:42
124,standard,19,59b3e061-ef5d-4253-884a-02040610e498,1780594713.685,1780594722.804,9118.9410686493,2026-06-04 17:38:42,2026-06-04 17:38:42
125,standard,10,6de33f33-230e-428e-8cc9-3fcdd8fc21bf,1780594711.9431,1780594723.2116,11268.528223038,2026-06-04 17:38:43,2026-06-04 17:38:43
126,standard,36,d1c23ab5-114f-4d27-a94c-302a7580131a,1780594716.6563,1780594723.6215,6965.1911258698,2026-06-04 17:38:43,2026-06-04 17:38:43
127,standard,31,8d934288-a2d5-49af-be16-6c540c5cba3e,1780594715.8682,1780594724.0302,8161.994934082,2026-06-04 17:38:44,2026-06-04 17:38:44
128,standard,21,62b54cbf-deac-4b2e-96ad-f43a5bc0af1b,1780594714.0348,1780594724.4425,10407.728910446,2026-06-04 17:38:44,2026-06-04 17:38:44
129,standard,33,a1b8ae45-2858-46f9-ab9c-f4a9198136f5,1780594716.1571,1780594724.7662,8609.1909408569,2026-06-04 17:38:44,2026-06-04 17:38:44
130,standard,27,52597526-e07d-44e8-a3e9-f5aad1463a18,1780594715.2213,1780594725.1574,9936.115026474,2026-06-04 17:38:45,2026-06-04 17:38:45
131,standard,38,d99d14bf-08b3-4f69-8347-57d77b161f0c,1780594717.0644,1780594725.4699,8405.5230617523,2026-06-04 17:38:45,2026-06-04 17:38:45
132,standard,14,3ad00d5a-5025-4419-8c98-87dd08daa958,1780594712.7267,1780594725.7701,13043.470144272,2026-06-04 17:38:45,2026-06-04 17:38:45
133,standard,34,9da2b126-9280-4376-ae53-8e51a19030c0,1780594716.3018,1780594726.0782,9776.3659954071,2026-06-04 17:38:46,2026-06-04 17:38:46
134,standard,15,f1ee4a3b-1bd2-4531-8106-a298ac9283f6,1780594712.9684,1780594726.3817,13413.241863251,2026-06-04 17:38:46,2026-06-04 17:38:46
135,standard,32,ff19ba78-0db7-4006-8b24-b60cfa390b60,1780594716.0131,1780594726.6964,10683.372020721,2026-06-04 17:38:46,2026-06-04 17:38:46
136,standard,30,5fc105d8-e862-4ca4-bbfb-b31b151df57e,1780594715.72,1780594727.0012,11281.206846237,2026-06-04 17:38:47,2026-06-04 17:38:47
137,standard,37,8762a1eb-1426-4346-ad1f-dd3f9be9e395,1780594716.8603,1780594727.4112,10550.87685585,2026-06-04 17:38:47,2026-06-04 17:38:47
138,standard,40,1c0a7b04-b156-4314-aee3-8ee0d6cf799c,1780594717.356,1780594727.7186,10362.642049789,2026-06-04 17:38:47,2026-06-04 17:38:47
139,standard,35,4fd1735a-5f4c-41b5-a9ab-5acba921adf8,1780594716.4451,1780594728.0278,11582.790136337,2026-06-04 17:38:48,2026-06-04 17:38:48
140,standard,43,771ce293-fa08-468f-bb97-181ea367481e,1780594717.8636,1780594728.4342,10570.686101913,2026-06-04 17:38:48,2026-06-04 17:38:48
141,standard,48,a42f535b-5191-49f8-9b46-f2d4dc6397ae,1780594718.6877,1780594728.741,10053.287982941,2026-06-04 17:38:48,2026-06-04 17:38:48
142,standard,53,d0d636e0-82a8-4928-9b85-dec11f2c570b,1780594719.421,1780594729.0922,9671.1649894714,2026-06-04 17:38:49,2026-06-04 17:38:49
143,standard,46,d7b26cc9-99bf-477b-8618-a79a6910c2ac,1780594718.3952,1780594729.5609,11165.749073029,2026-06-04 17:38:49,2026-06-04 17:38:49
144,standard,41,ab08afaa-dca7-44e0-8115-23163a61de53,1780594717.5767,1780594729.9154,12338.692903519,2026-06-04 17:38:49,2026-06-04 17:38:49
145,standard,56,0d2ee7b2-abb9-4066-8b42-b79eabcef5e5,1780594719.8504,1780594730.3918,10541.401863098,2026-06-04 17:38:50,2026-06-04 17:38:50
146,standard,58,9a93c1be-56d2-4735-85b6-343565ca7eb1,1780594720.1386,1780594730.8935,10754.951000214,2026-06-04 17:38:50,2026-06-04 17:38:50
147,standard,61,f1c3c17a-2f2a-4107-915d-0c088670fed2,1780594720.648,1780594731.3011,10653.028964996,2026-06-04 17:38:51,2026-06-04 17:38:51
148,standard,47,d7c3334d-1592-474b-a684-66c399dd89fa,1780594718.5389,1780594731.6921,13153.211832047,2026-06-04 17:38:51,2026-06-04 17:38:51
149,standard,65,6ae0c566-fa9e-4565-8d16-b67df831de15,1780594721.2826,1780594732.0051,10722.440004349,2026-06-04 17:38:52,2026-06-04 17:38:52
150,standard,49,f6eabc09-cd8e-45a0-b007-77fcdc8e0733,1780594718.8324,1780594732.4279,13595.424890518,2026-06-04 17:38:52,2026-06-04 17:38:52
151,standard,42,4c1c69ce-a839-4a04-8b16-654749e1043e,1780594717.7194,1780594732.8371,15117.730140686,2026-06-04 17:38:52,2026-06-04 17:38:52
152,standard,62,87798db6-73d0-490d-830f-9b69e055d9fd,1780594720.8523,1780594733.2471,12394.814014435,2026-06-04 17:38:53,2026-06-04 17:38:53
153,standard,44,eebf1b5c-c0d8-485e-8484-828ddab31891,1780594718.0091,1780594733.6555,15646.450996399,2026-06-04 17:38:53,2026-06-04 17:38:53
154,standard,51,1aad388e-122a-4c80-b272-9fad6017e188,1780594719.1327,1780594734.0149,14882.230997086,2026-06-04 17:38:54,2026-06-04 17:38:54
155,standard,57,139114bb-3546-4b6d-bb94-c1529d7d5409,1780594719.9943,1780594734.3742,14379.87112999,2026-06-04 17:38:54,2026-06-04 17:38:54
156,standard,70,e13d2e93-2758-4adb-a77c-834e045dc8cb,1780594722.0814,1780594734.7322,12650.750875473,2026-06-04 17:38:54,2026-06-04 17:38:54
157,standard,75,9b6a9b77-3cca-4d0a-ad8a-bacc45c8a276,1780594723.0037,1780594735.0456,12041.832208633,2026-06-04 17:38:55,2026-06-04 17:38:55
158,standard,54,31285b8d-889d-41b8-93cf-bec2dc192bb9,1780594719.5642,1780594735.3954,15831.245183945,2026-06-04 17:38:55,2026-06-04 17:38:55
159,standard,52,dd6f3194-2c65-4ea0-8556-27d7197c2b8a,1780594719.2769,1780594735.8084,16531.481981277,2026-06-04 17:38:55,2026-06-04 17:38:55
160,standard,39,3e5afa40-e664-419a-b0eb-bbb0c683ec02,1780594717.2101,1780594736.2155,19005.327939987,2026-06-04 17:38:56,2026-06-04 17:38:56
161,standard,45,9935ff01-d634-49fe-a739-8dbad55ee2e2,1780594718.1964,1780594737.1378,18941.460132599,2026-06-04 17:38:57,2026-06-04 17:38:57
162,standard,76,708d7bd5-0354-46cc-8e21-2ab7d222fd6b,1780594723.2084,1780594737.5488,14340.45791626,2026-06-04 17:38:57,2026-06-04 17:38:57
163,standard,55,768dee97-a884-489d-8743-991d3a4eac05,1780594719.7068,1780594737.9579,18251.065015793,2026-06-04 17:38:57,2026-06-04 17:38:57
164,standard,67,2c08fe6f-e3e8-4a3e-9ab6-1a55a2e1000b,1780594721.5749,1780594738.2812,16706.27617836,2026-06-04 17:38:58,2026-06-04 17:38:58
165,standard,87,a88e96e2-33ae-4223-9a24-729ca61b9c76,1780594725.733,1780594738.6738,12940.793991089,2026-06-04 17:38:58,2026-06-04 17:38:58
166,standard,74,4d4cdaa0-c66e-4ea8-96f6-0dc77f9297c7,1780594722.7984,1780594739.0838,16285.440921783,2026-06-04 17:38:59,2026-06-04 17:38:59
167,standard,82,2b1a773e-87e3-449b-929b-c7ca4cdf7e9b,1780594724.9491,1780594739.494,14544.875860214,2026-06-04 17:38:59,2026-06-04 17:38:59
168,standard,92,0f5617d1-62c2-47b2-9455-fada4d950e32,1780594726.4623,1780594739.9028,13440.535068512,2026-06-04 17:38:59,2026-06-04 17:38:59
169,standard,95,e0d6f98a-9a30-4f92-8a78-4fe2e58aafb0,1780594726.8974,1780594740.3122,13414.743185043,2026-06-04 17:39:00,2026-06-04 17:39:00
170,standard,71,8fa7790e-1626-401a-ad18-507b50a52567,1780594722.2863,1780594740.7228,18436.553955078,2026-06-04 17:39:00,2026-06-04 17:39:00
171,standard,89,8991b7a4-2697-4d4e-af74-d87f4ccf5065,1780594726.0204,1780594741.1317,15111.368894577,2026-06-04 17:39:01,2026-06-04 17:39:01
172,standard,59,438fe10f-ab32-44ad-a06e-11282481e031,1780594720.2837,1780594741.4556,21171.918869019,2026-06-04 17:39:01,2026-06-04 17:39:01
173,standard,63,836944ab-6374-42e8-abe2-c3b62a2205e9,1780594720.9948,1780594741.847,20852.149963379,2026-06-04 17:39:01,2026-06-04 17:39:01
174,standard,64,4d3c7a3f-6b6e-4d3f-a4b4-54dcd173cc5f,1780594721.1381,1780594742.2575,21119.400024414,2026-06-04 17:39:02,2026-06-04 17:39:02
175,standard,73,e9a295fa-eae1-4a21-a869-91e205808a1e,1780594722.6375,1780594742.6662,20028.63907814,2026-06-04 17:39:02,2026-06-04 17:39:02
176,standard,90,609dd2ed-d3a0-46f4-969f-3bce5be2d043,1780594726.164,1780594743.0781,16914.089202881,2026-06-04 17:39:03,2026-06-04 17:39:03
177,standard,94,6ae598f6-a686-4b65-8280-92eaefe02f4e,1780594726.7548,1780594743.4859,16731.132030487,2026-06-04 17:39:03,2026-06-04 17:39:03
178,standard,80,ac6438c1-55f9-4de6-86ce-7ed242619b68,1780594724.0275,1780594743.8362,19808.633089066,2026-06-04 17:39:03,2026-06-04 17:39:03
179,standard,96,55f9a065-08d2-49a1-a1b4-20758f249dec,1780594727.04,1780594744.3065,17266.522884369,2026-06-04 17:39:04,2026-06-04 17:39:04
180,standard,50,9f264e8e-e091-4e23-8064-7e5822651975,1780594718.983,1780594744.7154,25732.367992401,2026-06-04 17:39:04,2026-06-04 17:39:04
181,standard,98,bfa4228f-ccd1-4186-ab9d-eeaa2534c12b,1780594727.4069,1780594745.125,17718.125104904,2026-06-04 17:39:05,2026-06-04 17:39:05
182,standard,85,b948bffe-2e83-4e06-bb27-49396675b725,1780594725.4427,1780594745.535,20092.233896255,2026-06-04 17:39:05,2026-06-04 17:39:05
183,standard,79,48d1eae4-94d0-4a1e-922c-56e97f9efc1b,1780594723.8236,1780594745.9442,22120.532989502,2026-06-04 17:39:05,2026-06-04 17:39:05
184,standard,100,b2d0ecb4-1c65-44b4-bec4-14901dce41a4,1780594727.714,1780594746.2933,18579.367876053,2026-06-04 17:39:06,2026-06-04 17:39:06
185,standard,99,2512fad0-8001-4037-a037-043cf2768fdf,1780594727.5491,1780594746.7634,19214.278936386,2026-06-04 17:39:06,2026-06-04 17:39:06
186,standard,60,184cdfc0-59ab-4739-b578-2f6d29cdcb86,1780594720.4442,1780594747.1402,26696.049213409,2026-06-04 17:39:07,2026-06-04 17:39:07
187,standard,68,c591e5e0-a50f-4f16-9d78-878541139544,1780594721.7179,1780594747.5833,25865.44919014,2026-06-04 17:39:07,2026-06-04 17:39:07
188,standard,69,cbeda8d1-79fd-4352-b224-78ef09f55c98,1780594721.8766,1780594747.9009,26024.354934692,2026-06-04 17:39:07,2026-06-04 17:39:07
189,standard,84,1991222a-43ab-40a9-ae73-7145b95cdc37,1780594725.2987,1780594748.3011,23002.394914627,2026-06-04 17:39:08,2026-06-04 17:39:08
190,standard,86,c67b43a3-6576-469d-b784-9bf4531b8f97,1780594725.5892,1780594748.7089,23119.760990143,2026-06-04 17:39:08,2026-06-04 17:39:08
191,standard,72,c9e9620e-7c09-4d5d-ab3f-1c0c261db607,1780594722.4921,1780594749.0619,26569.869041443,2026-06-04 17:39:09,2026-06-04 17:39:09
192,standard,78,78a4dd1e-2c12-4a03-aa93-46ed3cf2d7e7,1780594723.6187,1780594749.5286,25909.854888916,2026-06-04 17:39:09,2026-06-04 17:39:09
193,standard,66,0573b8c8-a537-459e-aaf6-fa9cf0360331,1780594721.4316,1780594749.9391,28507.447004318,2026-06-04 17:39:09,2026-06-04 17:39:09
194,standard,83,c5422801-4ad5-43a3-9e2c-712bae6f1347,1780594725.1547,1780594750.2652,25110.566854477,2026-06-04 17:39:10,2026-06-04 17:39:10
195,standard,93,8b4258e8-82d0-4159-97fe-218cedd9282d,1780594726.6097,1780594750.6548,24045.017004013,2026-06-04 17:39:10,2026-06-04 17:39:10
196,standard,97,c143a2dd-3db1-4592-bbe9-a22b5043eeca,1780594727.2034,1780594751.0093,23805.943012238,2026-06-04 17:39:11,2026-06-04 17:39:11
197,standard,77,ec870264-4671-4f02-82b6-a228a88b0909,1780594723.414,1780594751.3344,27920.435905457,2026-06-04 17:39:11,2026-06-04 17:39:11
198,standard,81,f494b0f0-cb28-4bd2-baad-a2fe18e7448e,1780594724.2328,1780594751.7804,27547.553062439,2026-06-04 17:39:11,2026-06-04 17:39:11
199,standard,88,cfd95280-b8dc-49c0-bb5a-8de475a3896d,1780594725.8771,1780594752.1905,26313.408851624,2026-06-04 17:39:12,2026-06-04 17:39:12
200,standard,91,f449e7f8-dfe8-4334-b2c6-36ff204796cb,1780594726.3086,1780594752.6022,26293.596029282,2026-06-04 17:39:12,2026-06-04 17:39:12
