queue_type,sequence_id,sqs_message_id,created_at
fifo,1,6113b636-e04c-4c3f-9f0a-2ca7386c8dc1,2026-06-04 17:36:33
fifo,2,60e9d3c1-2974-4803-86e5-f0eaad4e279b,2026-06-04 17:36:33
fifo,3,b5e836b7-6d53-4b82-989e-acd8b3be2bc3,2026-06-04 17:36:33
fifo,4,a18829de-deda-4363-bec1-76fb6edf801b,2026-06-04 17:36:34
fifo,5,c2aa533a-738f-479f-bd26-9477c4a5926f,2026-06-04 17:36:34
fifo,6,21c7b183-f602-4196-ab95-c420798266da,2026-06-04 17:36:34
fifo,7,4980fd59-f1ee-4252-9489-0d61563f1f6a,2026-06-04 17:36:35
fifo,8,05e410d8-37f7-4239-9cfa-561f57aff4f6,2026-06-04 17:36:35
fifo,9,b548f19b-5820-4c37-96b2-67eb79a8017b,2026-06-04 17:36:35
fifo,10,886cf32b-8cf6-4ecb-bfe9-e7ce43ffd4f4,2026-06-04 17:36:36
fifo,11,653a3c22-1e48-4766-8fc6-e057f1e3fd8a,2026-06-04 17:36:36
fifo,12,44450449-5c13-4f89-a911-2124abc0ae55,2026-06-04 17:36:36
fifo,13,9f80062d-f4d3-4f2d-a2b4-1fcdbfca39df,2026-06-04 17:36:37
fifo,14,bfedbc81-8c06-45c3-99db-11ed72cd899d,2026-06-04 17:36:37
fifo,15,09ee8fa0-b2a3-4f6d-b367-664b708a3941,2026-06-04 17:36:38
fifo,16,30fc607c-e8e9-48e3-a89f-7228e1ad06c8,2026-06-04 17:36:38
fifo,17,071e3499-4caf-4ada-ab17-a50f062bb70b,2026-06-04 17:36:38
fifo,18,c1e21506-6982-41a1-ab64-8eb7779fe47d,2026-06-04 17:36:39
fifo,19,0032747c-480b-48a8-be7d-97f3556e3471,2026-06-04 17:36:40
fifo,20,328114b0-2da5-4640-95a3-ad72d4fe74ae,2026-06-04 17:36:40
fifo,21,976d452d-20e1-4a16-89f1-9e4150511e37,2026-06-04 17:36:40
fifo,22,d3d6a1fe-c545-4142-89f0-4bb5f0289075,2026-06-04 17:36:41
fifo,23,76bd04ad-afa8-4c11-a2d7-3b12c47d6907,2026-06-04 17:36:41
fifo,24,4314f423-40af-430d-b5fd-6fcb331cdd26,2026-06-04 17:36:41
fifo,25,353ec6f7-f7a2-4ce3-b006-5917d2d366c7,2026-06-04 17:36:42
fifo,26,c3d1ef84-2339-4b6f-9292-8ee17b1593ba,2026-06-04 17:36:42
fifo,27,f685626c-a7a0-4534-94b1-c0817fee0f29,2026-06-04 17:36:42
fifo,28,926178bd-fcb9-4d3b-8a76-388c2ed3047e,2026-06-04 17:36:43
fifo,29,e13b1c0c-626a-4223-b347-46a2c49e5a83,2026-06-04 17:36:43
fifo,30,0c05b6c2-8b0e-4699-aef1-f3ee256ae5bb,2026-06-04 17:36:43
fifo,31,465164ce-f895-4f29-824f-0f2ecf821c29,2026-06-04 17:36:44
fifo,32,289f9c93-1aff-4a55-b454-e5b33a709354,2026-06-04 17:36:44
fifo,33,75a79b06-29a4-40df-a364-a5dda1967d60,2026-06-04 17:36:45
fifo,34,7b61d112-09db-467a-93f7-ccdc65544379,2026-06-04 17:36:45
fifo,35,de804483-5950-4ed7-b63d-16ed92b519d1,2026-06-04 17:36:45
fifo,36,3bfb2e7c-f27f-4755-a6ba-1f8a06df3a4a,2026-06-04 17:36:46
fifo,37,8bea22c8-b735-49e9-b975-07b2d1d886dc,2026-06-04 17:36:46
fifo,38,c22302f7-ccc3-45ac-88a1-8318132ea43d,2026-06-04 17:36:46
fifo,39,1849c670-da46-479a-ac6a-779e4cc22813,2026-06-04 17:36:47
fifo,40,cd6ed680-7db9-40c7-8ff1-4381d8301594,2026-06-04 17:36:47
fifo,41,69bb344a-48fe-47fb-8698-60019da35f73,2026-06-04 17:36:48
fifo,42,06794d09-7d46-48e5-ade9-1970692dc767,2026-06-04 17:36:48
fifo,43,f66a04e3-8955-41e4-90a7-8a47a8f7493d,2026-06-04 17:36:48
fifo,44,b182e6a0-1842-4283-9e78-f972c3a2ac67,2026-06-04 17:36:49
fifo,45,37c0d68a-e0c6-4fb0-90c7-ca2dc5a734da,2026-06-04 17:36:49
fifo,46,ba55eac6-89a1-4218-a01e-6bece9d6bb2a,2026-06-04 17:36:49
fifo,47,18579144-13fe-40e9-8d68-b2b1202ddb41,2026-06-04 17:36:50
fifo,48,2ad66ee4-122c-4618-b9e2-f676c3ef936c,2026-06-04 17:36:50
fifo,49,f753275e-d443-486c-8e53-651ac6e8ac5b,2026-06-04 17:36:51
fifo,50,1b27ae50-0198-4998-b883-37e2906ec6cb,2026-06-04 17:36:51
fifo,51,5c487f4a-0a40-459f-9324-49a032467d7b,2026-06-04 17:36:51
fifo,52,30672589-131b-457c-bdca-0238ecac466e,2026-06-04 17:36:52
fifo,53,8e4006a3-de0b-4161-9b1d-fee071c2f72c,2026-06-04 17:36:52
fifo,54,45d9ddbe-0820-42c9-ae82-f0d6897d94ab,2026-06-04 17:36:53
fifo,55,ea8e1576-8e46-45c2-ac50-a8a3ab8826c5,2026-06-04 17:36:53
fifo,56,5753f623-86d3-4465-a87d-a90e1b940328,2026-06-04 17:36:53
fifo,57,a4b2c2dd-9f6d-4143-9d30-5a8d02c0d7e3,2026-06-04 17:36:54
fifo,58,0b63df72-7653-4b67-aad8-cc5e0bbb47ae,2026-06-04 17:36:55
fifo,59,6f934766-1fc9-43b7-8f99-d1b79b3ad676,2026-06-04 17:36:55
fifo,60,77457797-2fbb-4b3c-8fd8-e809361e5d00,2026-06-04 17:36:55
fifo,61,afacb9b7-9733-4412-94e2-2ec09918efa7,2026-06-04 17:36:56
fifo,62,50444e0c-d719-4b76-b0c4-72f16ef762e8,2026-06-04 17:36:56
fifo,63,e1725492-2631-4c5a-96df-0d9b8f7e3586,2026-06-04 17:36:57
fifo,64,5f0d58a6-6a41-4a6d-b605-4e969874a53d,2026-06-04 17:36:57
fifo,65,6d1515b9-2136-4ae5-bdc4-997c22e06e8c,2026-06-04 17:36:57
fifo,66,7d61a984-3ef7-4401-b0e5-a64697265fc4,2026-06-04 17:36:58
fifo,67,373af3a3-3527-485c-a042-f4ec9bcdf321,2026-06-04 17:36:58
fifo,68,c38af3d7-d493-469a-8839-0934f597054f,2026-06-04 17:36:59
fifo,69,dd1a7e6f-3bec-4d8a-8996-a1248670d985,2026-06-04 17:36:59
fifo,70,895d0aa4-c8a1-462d-a39a-616656f1a21a,2026-06-04 17:36:59
fifo,71,f9d682f8-27d6-4d62-a725-ebfff6765cf5,2026-06-04 17:37:00
fifo,72,7c58cda3-e93f-4d88-b039-6e4857f17a1d,2026-06-04 17:37:00
fifo,73,43d89964-6e23-4ceb-bec3-2cc7de14501a,2026-06-04 17:37:01
fifo,74,adcd4214-3c2b-4bab-9988-8447fca5b3c1,2026-06-04 17:37:01
fifo,75,e26bd9ba-4698-4cb7-8906-0ac944b0d44b,2026-06-04 17:37:01
fifo,76,66a85005-dcc5-428d-950a-c447ec66ce6f,2026-06-04 17:37:02
fifo,77,c4e18ab0-2a41-40bd-9544-243dc289890f,2026-06-04 17:37:02
fifo,78,6aa4eabf-dee7-46b7-875c-eb03caeaba4b,2026-06-04 17:37:03
fifo,79,3a2646b7-6732-41fa-914f-e37508fcf18f,2026-06-04 17:37:03
fifo,80,51bb3302-87c2-40a7-a215-46e23efd0895,2026-06-04 17:37:03
fifo,81,34eefb92-c48c-4ee5-910c-64597c56f99f,2026-06-04 17:37:04
fifo,82,32627bc2-1a52-4925-b49e-e285831eebea,2026-06-04 17:37:04
fifo,83,c1590cea-8d1e-4f14-9019-2cf8563b7b30,2026-06-04 17:37:05
fifo,84,88f42bad-b64c-4e0c-bfa5-c20a07adf2d2,2026-06-04 17:37:05
fifo,85,6d8ab922-75b4-46db-bff2-ced022e52b7f,2026-06-04 17:37:05
fifo,86,efc93a8d-e76e-4899-8c6c-0dd64cb6f321,2026-06-04 17:37:06
fifo,87,14ca4013-cf40-4ad4-8581-f5419dd10133,2026-06-04 17:37:06
fifo,88,7b6778eb-4994-4964-96f6-2b819cb7533d,2026-06-04 17:37:07
fifo,89,a06d0c7a-ac7b-4a86-a53e-9fd85b9deefa,2026-06-04 17:37:07
fifo,90,aaebd497-5046-4a37-a063-a7314394035b,2026-06-04 17:37:07
fifo,91,99459df1-91ff-42c1-8ded-d3f8da2b5cc4,2026-06-04 17:37:08
fifo,92,780e03e0-6bb3-4ae8-b328-091ede4d3538,2026-06-04 17:37:08
fifo,93,4bcd8c2f-dc99-40ce-9ce4-00de7db66fab,2026-06-04 17:37:08
fifo,94,85bfe017-f8c4-4119-9131-746252bc4e63,2026-06-04 17:37:09
fifo,95,c389797d-5de2-4fa5-b414-2dab3da158c6,2026-06-04 17:37:09
fifo,96,0e296b98-cc8a-46e4-863a-2b3dc188d679,2026-06-04 17:37:09
fifo,97,55c44850-31b2-41f6-bfeb-6897aed0d43d,2026-06-04 17:37:10
fifo,98,70e7b497-6b2c-44be-a935-17cc4ff63735,2026-06-04 17:37:11
fifo,99,2746c37f-ed1f-4792-9a09-91c6256a0b57,2026-06-04 17:37:11
fifo,100,8cee7298-b4fb-4790-aed2-f273b7245092,2026-06-04 17:37:12
standard,1,13c8905d-97cf-4d06-b9ea-69271fd57554,2026-06-04 17:38:34
standard,6,097d83f6-12f4-4f51-90c3-f1ce073e5a47,2026-06-04 17:38:34
standard,16,76062e41-925c-4746-bedb-89b6496b848c,2026-06-04 17:38:35
standard,2,a95d3472-4045-4d76-b834-453d69ac5a82,2026-06-04 17:38:35
standard,12,e634cf0e-2379-4b08-bef3-da5238213a02,2026-06-04 17:38:35
standard,18,38ba8a7e-45f8-4a07-bb2c-d9b54b03461c,2026-06-04 17:38:36
standard,8,60c087a9-9eca-4433-a030-500bf6267bf7,2026-06-04 17:38:36
standard,24,f8c009a1-c5a2-41fd-ac7a-2b53a1a01c6b,2026-06-04 17:38:36
standard,9,c59902a9-5ee3-4799-92db-f221bb17a7fc,2026-06-04 17:38:37
standard,7,cac527de-b548-4d7e-8330-ec45d61ec06e,2026-06-04 17:38:37
standard,20,bdf8e601-44fb-49de-a77c-f6f16fd5a022,2026-06-04 17:38:37
standard,3,29f62eb9-73ba-4679-ac6e-a925f5098170,2026-06-04 17:38:38
standard,13,7a837632-c586-4ab3-a5fb-d3aeb8f702e1,2026-06-04 17:38:38
standard,5,4b627ce7-6819-4dd3-8338-d4fadd86a9d9,2026-06-04 17:38:38
standard,22,8a193ed5-0c38-45da-a003-a8ef473d5b1b,2026-06-04 17:38:39
standard,17,d4cc0422-62f5-4296-acba-c8ac73a915ef,2026-06-04 17:38:39
standard,11,3b45679e-8145-43c8-ac07-f5ec89c62c3a,2026-06-04 17:38:39
standard,23,3b69a797-1cc8-460e-87a0-1567aa448f35,2026-06-04 17:38:40
standard,26,4fdff8b6-bb84-46a6-94ee-dc5e02c4aaea,2026-06-04 17:38:40
standard,25,e3c86a36-3327-4ad7-9bae-1c3eee25129c,2026-06-04 17:38:40
standard,4,0072855d-a716-4352-982f-02b4a8052b4b,2026-06-04 17:38:41
standard,29,35415972-a1b1-4542-b195-ebfb0155974e,2026-06-04 17:38:42
standard,28,3dd4bbec-52bc-4664-96ab-9ab4c19ca972,2026-06-04 17:38:42
standard,19,59b3e061-ef5d-4253-884a-02040610e498,2026-06-04 17:38:42
standard,10,6de33f33-230e-428e-8cc9-3fcdd8fc21bf,2026-06-04 17:38:43
standard,36,d1c23ab5-114f-4d27-a94c-302a7580131a,2026-06-04 17:38:43
standard,31,8d934288-a2d5-49af-be16-6c540c5cba3e,2026-06-04 17:38:44
standard,21,62b54cbf-deac-4b2e-96ad-f43a5bc0af1b,2026-06-04 17:38:44
standard,33,a1b8ae45-2858-46f9-ab9c-f4a9198136f5,2026-06-04 17:38:44
standard,27,52597526-e07d-44e8-a3e9-f5aad1463a18,2026-06-04 17:38:45
standard,38,d99d14bf-08b3-4f69-8347-57d77b161f0c,2026-06-04 17:38:45
standard,14,3ad00d5a-5025-4419-8c98-87dd08daa958,2026-06-04 17:38:45
standard,34,9da2b126-9280-4376-ae53-8e51a19030c0,2026-06-04 17:38:46
standard,15,f1ee4a3b-1bd2-4531-8106-a298ac9283f6,2026-06-04 17:38:46
standard,32,ff19ba78-0db7-4006-8b24-b60cfa390b60,2026-06-04 17:38:46
standard,30,5fc105d8-e862-4ca4-bbfb-b31b151df57e,2026-06-04 17:38:47
standard,37,8762a1eb-1426-4346-ad1f-dd3f9be9e395,2026-06-04 17:38:47
standard,40,1c0a7b04-b156-4314-aee3-8ee0d6cf799c,2026-06-04 17:38:47
standard,35,4fd1735a-5f4c-41b5-a9ab-5acba921adf8,2026-06-04 17:38:48
standard,43,771ce293-fa08-468f-bb97-181ea367481e,2026-06-04 17:38:48
standard,48,a42f535b-5191-49f8-9b46-f2d4dc6397ae,2026-06-04 17:38:48
standard,53,d0d636e0-82a8-4928-9b85-dec11f2c570b,2026-06-04 17:38:49
standard,46,d7b26cc9-99bf-477b-8618-a79a6910c2ac,2026-06-04 17:38:49
standard,41,ab08afaa-dca7-44e0-8115-23163a61de53,2026-06-04 17:38:49
standard,56,0d2ee7b2-abb9-4066-8b42-b79eabcef5e5,2026-06-04 17:38:50
standard,58,9a93c1be-56d2-4735-85b6-343565ca7eb1,2026-06-04 17:38:50
standard,61,f1c3c17a-2f2a-4107-915d-0c088670fed2,2026-06-04 17:38:51
standard,47,d7c3334d-1592-474b-a684-66c399dd89fa,2026-06-04 17:38:51
standard,65,6ae0c566-fa9e-4565-8d16-b67df831de15,2026-06-04 17:38:52
standard,49,f6eabc09-cd8e-45a0-b007-77fcdc8e0733,2026-06-04 17:38:52
standard,42,4c1c69ce-a839-4a04-8b16-654749e1043e,2026-06-04 17:38:52
standard,62,87798db6-73d0-490d-830f-9b69e055d9fd,2026-06-04 17:38:53
standard,44,eebf1b5c-c0d8-485e-8484-828ddab31891,2026-06-04 17:38:53
standard,51,1aad388e-122a-4c80-b272-9fad6017e188,2026-06-04 17:38:54
standard,57,139114bb-3546-4b6d-bb94-c1529d7d5409,2026-06-04 17:38:54
standard,70,e13d2e93-2758-4adb-a77c-834e045dc8cb,2026-06-04 17:38:54
standard,75,9b6a9b77-3cca-4d0a-ad8a-bacc45c8a276,2026-06-04 17:38:55
standard,54,31285b8d-889d-41b8-93cf-bec2dc192bb9,2026-06-04 17:38:55
standard,52,dd6f3194-2c65-4ea0-8556-27d7197c2b8a,2026-06-04 17:38:55
standard,39,3e5afa40-e664-419a-b0eb-bbb0c683ec02,2026-06-04 17:38:56
standard,45,9935ff01-d634-49fe-a739-8dbad55ee2e2,2026-06-04 17:38:57
standard,76,708d7bd5-0354-46cc-8e21-2ab7d222fd6b,2026-06-04 17:38:57
standard,55,768dee97-a884-489d-8743-991d3a4eac05,2026-06-04 17:38:57
standard,67,2c08fe6f-e3e8-4a3e-9ab6-1a55a2e1000b,2026-06-04 17:38:58
standard,87,a88e96e2-33ae-4223-9a24-729ca61b9c76,2026-06-04 17:38:58
standard,74,4d4cdaa0-c66e-4ea8-96f6-0dc77f9297c7,2026-06-04 17:38:59
standard,82,2b1a773e-87e3-449b-929b-c7ca4cdf7e9b,2026-06-04 17:38:59
standard,92,0f5617d1-62c2-47b2-9455-fada4d950e32,2026-06-04 17:38:59
standard,95,e0d6f98a-9a30-4f92-8a78-4fe2e58aafb0,2026-06-04 17:39:00
standard,71,8fa7790e-1626-401a-ad18-507b50a52567,2026-06-04 17:39:00
standard,89,8991b7a4-2697-4d4e-af74-d87f4ccf5065,2026-06-04 17:39:01
standard,59,438fe10f-ab32-44ad-a06e-11282481e031,2026-06-04 17:39:01
standard,63,836944ab-6374-42e8-abe2-c3b62a2205e9,2026-06-04 17:39:01
standard,64,4d3c7a3f-6b6e-4d3f-a4b4-54dcd173cc5f,2026-06-04 17:39:02
standard,73,e9a295fa-eae1-4a21-a869-91e205808a1e,2026-06-04 17:39:02
standard,90,609dd2ed-d3a0-46f4-969f-3bce5be2d043,2026-06-04 17:39:03
standard,94,6ae598f6-a686-4b65-8280-92eaefe02f4e,2026-06-04 17:39:03
standard,80,ac6438c1-55f9-4de6-86ce-7ed242619b68,2026-06-04 17:39:03
standard,96,55f9a065-08d2-49a1-a1b4-20758f249dec,2026-06-04 17:39:04
standard,50,9f264e8e-e091-4e23-8064-7e5822651975,2026-06-04 17:39:04
standard,98,bfa4228f-ccd1-4186-ab9d-eeaa2534c12b,2026-06-04 17:39:05
standard,85,b948bffe-2e83-4e06-bb27-49396675b725,2026-06-04 17:39:05
standard,79,48d1eae4-94d0-4a1e-922c-56e97f9efc1b,2026-06-04 17:39:05
standard,100,b2d0ecb4-1c65-44b4-bec4-14901dce41a4,2026-06-04 17:39:06
standard,99,2512fad0-8001-4037-a037-043cf2768fdf,2026-06-04 17:39:06
standard,60,184cdfc0-59ab-4739-b578-2f6d29cdcb86,2026-06-04 17:39:07
standard,68,c591e5e0-a50f-4f16-9d78-878541139544,2026-06-04 17:39:07
standard,69,cbeda8d1-79fd-4352-b224-78ef09f55c98,2026-06-04 17:39:07
standard,84,1991222a-43ab-40a9-ae73-7145b95cdc37,2026-06-04 17:39:08
standard,86,c67b43a3-6576-469d-b784-9bf4531b8f97,2026-06-04 17:39:08
standard,72,c9e9620e-7c09-4d5d-ab3f-1c0c261db607,2026-06-04 17:39:09
standard,78,78a4dd1e-2c12-4a03-aa93-46ed3cf2d7e7,2026-06-04 17:39:09
standard,66,0573b8c8-a537-459e-aaf6-fa9cf0360331,2026-06-04 17:39:09
standard,83,c5422801-4ad5-43a3-9e2c-712bae6f1347,2026-06-04 17:39:10
standard,93,8b4258e8-82d0-4159-97fe-218cedd9282d,2026-06-04 17:39:10
standard,97,c143a2dd-3db1-4592-bbe9-a22b5043eeca,2026-06-04 17:39:11
standard,77,ec870264-4671-4f02-82b6-a228a88b0909,2026-06-04 17:39:11
standard,81,f494b0f0-cb28-4bd2-baad-a2fe18e7448e,2026-06-04 17:39:11
standard,88,cfd95280-b8dc-49c0-bb5a-8de475a3896d,2026-06-04 17:39:12
standard,91,f449e7f8-dfe8-4334-b2c6-36ff204796cb,2026-06-04 17:39:12
